77d4aadf	qualifications for a senator
67e4ddb0	foreign aid from the united states
e83258e3	dmv- clovis
53994816	catholic private schools history
964569f3	elevated pancreas
9c14ab48	jeep gas mileage
b8a162d3	sarcoma in ankle
65e8e663	surf temperature charleston sc
7b08f45b	federal housing assistance loans
d071b4f7	ordering prescription drugs on line
7b11dc99	oklahoma congressional offices
ffe35b28	mild yeast infection
6d6e5994	fresno ca population 1990
0d8c19a6	midwest and air traffic control and missouri
02e1ba79	shrinking gallbladder
9feb4733	dancing anxiety
f7ab4d78	betsy ross childhood
3033f690	weddings on the beach in ca
6017526f	graceland historic designation ceremony
5f3a9b84	information about the v-chip
6f71dae9	federal government manic depression costs
7b21f2c8	diltiazem xr
7d4b562b	u.s.g.s. strategic mineral maps
3d427e14	deer population
e4355315	ozark trail camping lantern
784662ef	breast implants fatigue
8c84c18c	burmil park golf lessons
14f2dac2	hurricain prediction season 2006
19a4add2	south carolina major products
f4400258	clock current time
2e481200	emory university study on alpha males with hostile females
20034895	controlling type ii diabetes
906822b6	nicholas donofrio ibm
4aa2001e	fbi employment
9a09b50a	fentanyl and electro convulsive therapy
f38151cd	tacoma narrows bridge fatality
a1a7199d	how to get t us passport
b4c5df2d	prostate cancer and hospice
6878016d	aspirin cancer prevention
aaf893e9	ocean currents st.augustine inlet
ed21a68b	gsa fleet sales
6aa026b5	women rights in 1840
5d85dc9e	atrial flutter
fb8ed77c	committee on homeland security
604014a9	crohns diseases
12cb839b	tennessee tornadoes
5abae2f3	menu for women with gestational diabets
a843b9ac	what makes up a weather map
f5395740	sugar maple tree
96e0fe27	what is rubella disease
f6d7233e	job description for employers to hire
3f92d0d8	how tornados work
847e1af9	walking sticks
30549542	turkey hunting in indiana
d454df1e	pyramid scheme
7bbc6aeb	fruit storage
d51b52d6	daniel field
102f05e5	space heaters
4526f79a	hvac training certification
f90fd46a	valley fever in cats
cc0afe51	doxorubicin
a4a4e088	eduneering
5c7dc291	tree rings are each one of growth
633a3f4b	loss of taste smell
80834a8f	symptoms multiple sclerosis
18c327cb	farm beer garden - ohio
40ba6bf7	needles california
30e2dce8	exercise to prevent muscle atrophy
dd739b31	game warden- law explorer program
ea868edb	mars and largest canyon
6c3a34ee	how to evict someone in the state of montana
ad998b00	weather - oahu honolulu
567abdd2	south mountain battle of
83122e4d	scalp seborrhea
c824c079	a g metzger photographer
a8a18cf3	los angeles map
cee3a15a	canary islanders are mostly jews
9c61db5a	proximal ulna fracture
a94d6cb6	symptoms of fifths disease
6803dc1b	dmv driving written test questions
d05bb190	gas mileage of 2005 toyota camry
adab2612	george afb ca
2647fa85	the american traveler motor club inc
88f0a4a8	internet copyright
48a1bc38	precious metal commodities
a4fe2390	nih and adhd
eb9bb942	new orleans city directories 1918
24f7ee98	schizophrenia drugs
66c4396f	salary for clinical psychologists
716016e3	grant reviewers samhsa
4181399d	schwinn
93ccb1b4	no school days for rockford public school dist. 205
18607a6e	stella louise mcgaha
834aefd3	constant lower back pain
82fcf7ee	daily parking regulations new york city
f9bc6e33	yohimbi bark
4bdc8eb5	mt. krakatau
6a0e7e71	mt hood lava beds oregon
6f326448	effexor fda approved to treat
705c3068	amino acids in wine
087b8ea4	kenneth camyre
bc8b29b3	grand canyon..
4ad9f0f9	food processing plants closures
48cc6f8a	teacher to teacher initiative
6ef03f32	jordan enterprises
1d52eff4	interleukin 6
08a4412d	scientific name gonyaulax
7dcc308f	march 2006 detroit weather statistics
9a2883f4	batavia illinois restaurants
5eb0caad	michigan laws against road rage
4ed1b49d	everglades national park boat trips
1fdefc0e	tornado info
22857c26	where earthquakes occur in the us
9bb20df7	wayne williams and the atlanta child murders
7faabc5a	center for desease control
3bef53b1	examples of organelles
b5c6718f	nuclear reactor controls
984a04d2	visit colorado
790a8409	hp notebook recalls
cadf2ec1	timothy j. ramey
42b61845	printable maps of nc counties
8ab66c98	the second president
d75b60e6	us treasury bill purchase site
8a99d8ac	causes of varicose veins
c9d78cb9	circular flow
0fd0eb82	battle palo alto
f40f0af0	what are handling fees
0e455f13	missouri graduation requirements
6e85f39a	where is the bladder located on a male dog
e22da0b0	cancer nutrition
d11df3b5	us department of energy and atomic weapons research 1945-1962
747b4266	1989 earthquake in pasadena
15a94b22	military records dd214
172a43d2	teton national park cabins
3033d7eb	churches in chaparral new mexico
d38d66ce	california wildflower tours
b37caebf	taking two diet supplements at the same time
41b25eea	statistics drug comparisons of violence behavior
3b9bb3d1	intimacy vs. isolation
c8a6461f	dates of washington dc cherry blossom festival
23c7af49	slot machine malfunctions
9c8f434c	gps for measuring areas
4362938b	sale of government property general sale
51156346	govenor of idaho
cdde832f	quality of life in california state
b3b0c029	missouri tornado damage march 12 2006
3c8c80de	post traumatic stress syndrome vietnam
b2f6eacb	similes and metaphors lesson
7f3d0f23	national park service reservation
d5460ca7	expunging driving records
17e744e3	women owned small business
22514324	ocra index
fdfb0215	the emancipation proclamation
562b354a	cigarettes in iowa
f3633f0f	employees of the scranton police department
d0a00259	2005 mint coins
fac918b0	what is a transportation security specialist
53ffc201	the gemini program
df16d82f	whole grain
66289d4f	hiv associated adipose redistribution syndrome
88e9a73e	africa travel warnings
3d1641c8	fairfax county senior programs
88aa6b55	why should you be a blood donor
5b496f30	earth science projects
3b103fa9	webcams along california highways
f33eeb2c	mental disorders and viewpoints
9e67936b	symptoms of adhd
63513463	manzanar internment camp
151c98f1	army medical unit
ecabd15a	adoption and chinese children
8b01d2ee	welcome to new york
ac86801b	peter napolitano
2dda31e7	sandhill crane refuge
d7d649ea	weather in the 1960s
4f565f44	riverside libraries
0e895e74	on the job training for welding in ca
16b46c47	springfield il tornado
52a552e8	neic
17cf990e	german shepard dogs fresno california
e69d96f5	television and behavior
c1bd9346	retirement and baby boomers
7ac4e03b	prison reentry
5a29f376	columbia river gorge
bdba0b30	north american owls
d71f1efc	health and driving laws
27ff5f7a	plants that are used medicinally
fa5c7127	topography maps
152ba4a0	african american nurses world war ii
3a915854	iran terrorism
f79d68dc	national radar weather
ef3c0253	pediatric pilomatrixoma
65982a54	local doppler san diego
0cbc1715	kiowa county oklahoma
05aa7d9d	depression and homosexuality
b1a4d7fd	internal revenue code section 355
65791ee7	california real estate state exam
a949fcc1	u.s. passport form
e3c5d763	lab tests for chronic fatigue
5bec521c	metro rail miami fl
b9d2c03a	required distribution from ira account
79e5ce6b	domestic assistance for women
a61db428	iran contra
abecb306	coumadin side effects skin rash
a20337ff	low white blood cell count
a86933e8	hayden clark
69adc75f	a chart showing how a bill becomes a law
3bc650a7	cascadia tsunamis
e3446865	how to apply for passports
5df77462	hurricane preparation
17ac7142	michigan dairy farms
ad0e21b8	history of menopause
77d0ca47	hurricane katrina
1e972750	traffic signals
5ca9e596	removal of quapaw from arkansas
f1604f8b	how many calories for consumption to maintain regular weight
9606940b	mortgage and forclosure
8a0f30be	road map of indiana
6b192f50	picture of the heavenly stars
df42d9c7	division of alcohol firearms & tobacco
762c59b9	motorcycle test in new jersey
9ac9e7b5	newyorkstate government jobs
66d93733	information of benjamin harrison
f6d23b19	mt. capulin
a1c52f93	how to file your income tax
20045700	barney frank biography
a3fc30a2	i.r.s. refund information
542d4148	city of cincinnati mayor
e416f6b9	new government food pyramid
58b7cd90	repo cars in new york
6a8d2f96	signs of kidney failure in elderly
0e8d61d2	etowah alaskan indians
4b5bc1f8	air traffic control school
2220cea0	fcc marine radio operator license renewal
b09334dd	irs tax guide lines for personal automobiles
26fbc58c	capitol of the thirteen colonies
163076ba	us government auctions
18cc7f78	how to treat kidney stones
0e77fc63	lombardi vs costigan
25252b7c	national parks in michigan
381e8f21	snowfall data for concord nh
9fdb3fe7	rupee and february 1 and 2006
20bce6be	whistle blower department of defense
b3efcdf6	lameness in horses
7eedf619	calculate area
78101f31	identifying attention deficit disorder
6cc841d1	gastric bypass complications
98f46ead	us passport information infants
0e129dd4	klinefelter syndrome
cada2ee9	where are my kidneys
0a0498fe	dissolution of marriage california
032996f0	kurds history
3cb690d2	gs 7 pay scale
65ef9744	frederick douglass's grandchildren
b0c85afe	what are alternative fuels
e551027c	body mass index table
563c8fa4	gerber baby foods
13b1afc1	albany new york
8cee368f	roanoke va-population
cf77ab76	airport of chicago
93c51cbc	u.s. cheese production
d2088133	albania country
80142584	article for hurricane andrew
2994c6ce	current weather bozeman montana
bdffdec1	does boiling water rid it of flouride
8bec7185	dinosaur bones
f9f2bd0b	fire spread
3a5c3843	paraguay info
2a51d885	information about mount rushmore
98891b10	how do i know i have an ulcer
d405de02	what do teens think about dui
eac5da58	secretary of state of the united states
a6602f8f	installing above stove microwave
cda6af53	signs of getting your period
85e370cd	brooklyn shelters for homeless
5515f38f	georgia
6036fd95	haunted areas of north carolina
1dcd6679	altoona federal prison
0f6abc49	dr. gordon rubin
3bb4e9d8	federal school lunch program
f521d3e0	may 20 1863 civil war
1b7bf2b8	beaches ma
4d374eff	radiation protection eye glasses
3640dd8f	montgomery county md marriage license
af18a0ad	green lane reservoir park
5b7e17d8	full text flannery o'connor's good country people
37113130	airline overbooking
bf894a41	nuclear reactors
df20c45e	katrina housing assistance san antonio
f31ec623	associate degree
92d737da	redwoods
d01ff599	charles hedlund
50792abe	credit report all 3
00c0104e	irs tax form 1099-c instructions
0d342c87	houston free public library
d36ee412	indiana weather data
98a37340	trader joe
a3dc4d91	afghan women condition
fc300ec5	biological imprinting
00a9ed51	camping and natchez trace
266b06bd	nerf footballs
c28b10e2	oceanic creatures
d767c50d	glacierpark mt
6805c4b5	what are the physical affects of long term use of pain pills
2770eb41	calories in whole beans
77211777	math games for the classroom
ae6f9c5e	winter ridge north haven ct.
ffc863ee	embalmer school california
84ed762b	acid reflux side effects
2cde8be3	united states life expectency rates
7c9b4bcb	pat quinn
812737e4	arnold shwartzenegger
d84700a0	what is the country in africa with the smallest population
680ccb93	the daily grind coffee shop portsmouth
40381ea8	lora larkin
00a78736	civil war timeline may 1863
6f294625	us currency denominations
f294050b	locomotives
17e614ea	kidney infection cause
5ef98b54	corporate name registration
33c8a7af	foods for high blood pressure
32c26200	pregnancy discrimination laws
61970994	padre island national seashore park
732fd93b	free online tax preparation programs
0e53c223	neurotoxic methyl methacrylate
3032d5d2	oregon crater lake eruptions
2c4476f1	indiana dopplar radar
2dd195f2	carlesbad caverns
b58eeb01	synthetic diamond making process
fcdc332a	vaginal bacterial disease
c75fdf41	shoulder pain exercises
842ba0df	police officer educational scholarships
553aa518	what antibiotics do you use for bronchitis
768adf99	us government planning for disaster
fd639f6b	school lunch survey
8fe7e6e0	don kazmark
4dc924e1	pictures of the battle of the marshall islands
890cd309	mt. saint helen
3b45eebb	mild mouth atypia
9a247680	what is the source of amnesia
c1db8123	proven methods to lower cholesterol
cacd3a92	bentonville arkansas hospital
52e94f90	'housing allowance'
7376f519	andrew j. saveski
abe59a97	american consulate in caracas venezuela
6946dc2e	tornado map in illinois and missouri
bd20c2be	tin whiskers
386f3175	car rental in albuquerque nm at the airport
d4056b23	bipolar disease in adolescents
a8970b16	high school mitosis and meiosis
aa5551c1	exposure high levels toxic benzene
67d64812	examples of high blood pressure
25db4eef	fire island marinas
20f54697	ghana country in africa
fea611f5	ecstacy pills names
a2ce61a0	hebron ct maple festival
12e5921d	murakami dinnerware
249d2bc7	clean up your bad credit
c913c425	atchafalaya
f4662c50	kid's map of the united states
6b2375c4	law enforcement pay scales louisiana
5634b3b8	arizona yearly weather patterns
906a8771	abdominal aortic stenosis
21b7cf7e	gastritis and coffee
d807d5f9	what causes thunderstorms
edc696fd	weather report for the smoky mountains
0b668312	how many people have herpes
f4306e27	elevated rbc
244dbb87	the us 65 and over population by states
e721c873	lazy k ranch chowchilla
5bcf9867	3 50 cal. gunner
4fa3bb61	elmendorf afb civil air patrol
da21553b	bucks county anger management classes
98c5ec0d	social worker for hire
1e67ffba	st catherine's home albany new york
132d6791	the role of echocardiography in electrophysiology
a7f96343	top ten organizations
cd5f49bb	anhydrous ammonia uses
a582e967	vegetable planting by light and dark of moon
3a5aa959	hyperglycemia or chronic pancreatitis
e3a18062	rogers v. alabama 102 u.s.
625a000c	san francisco-oakland bay bridge suicide jumps
9c292da6	domestic violence funding
29f15800	national-weather-service
c5083810	free computers
1c426f77	self employment tax
3aa7e809	finance mobile home
68c7bbb5	online bidding
ca22d2a2	childstat
d285352a	arizona parkways
86886158	percent of federal taxes
baf0d1b7	biology embryology twins
04b59631	information on savings bonds
ff877ffe	religions of hungary
8d297b94	norfolk state university photos
b16798bb	surf perch fishing in gray harbor county
ec045240	mild left ventricular dysfunction and prognosis
9322d228	tony truglia
af392b7e	problems with drinking too much alcohol
eab2f1d0	song over there
c10a34f1	when to clean bird feeder
574aa5b2	per diem rates orange county
c1a5a762	execution of david chandler
bde4adc6	stage iv lung cancer prognosis
7e18c190	dallas county texas census
ac0a9ecf	master of science in computer information systems hourly wage
73f797ab	how much does an electrician make an hour
673479b0	yellowstone national park activities
9a4a1ff9	casselberry florida
ce2ed36b	daytona beach water temperature
731a7466	pennsylvania water levels
ba650a63	el salvador president
bb516780	deer tick
fe1805f2	sidewinder snakes
abcc67c0	puerto rican flag layouts
6ccd25e3	sen. john kerry
561df4ad	social security lost card
72f69c9a	comparison miles to kilometers
807a5443	frankel classification scale
06f79b9d	fact on the sun
5e5a39ac	states with the higher cancer rate
ce3b761f	sam brownback
8050c60b	official state of california web site
14f062b3	decidous forest
344bcdcc	state of oregon web site
34fbcabe	syphilis rash symptoms
98c52ea4	joint clicking
d5eb5983	things to do georgia
66e9e2a2	romania. weather
28a83b87	doomsday cults
3253482b	outsource job india
66eb024c	white house t ball
8db55c0b	wrights brothers blueprints
5d931c45	bird flu avian
6f3a9422	tibia bone graft
4d5fb097	medical transcription jobs washington state
e0263f71	central lumpectomy
6e30a117	puerto rico state
ab4c85f7	stopping nosebleeds
2b2b2acb	map of southeast coast of us
46322e1b	heart fraction measurement
e862551b	statistics race and poverty
794bdd5d	vitamin a and cancer
7a6e6aa6	arkansas dept. of health and human services
f04b2d53	crown vetch seed
68bd7329	chris dodd leadership positions
528f7a99	california labor code section 233
885939dd	the solar system as we know it
d184651a	wash. state ferries photo
c39ade71	super shuttle long island
4f08d18c	myasthenic crisis
91861b29	pseudophakia phthisis
4b325859	ashley furniture
4ee86955	federal tax exemptions for selling home
c2277ce0	flamingo hotel miami
56f9bdf0	mice cave
90ac5b59	new york teacher examination
a0e91e50	clinical trials for treating crohns disease
78f5016c	why tape helps warts
7f6c672b	itching on legs
3f844131	cuyahoga train rides
f0c4b83c	skin irritation and triethylene glycol
65a9b328	rube golberg cartoon inventions
a6a11f42	what radio stations are for sale
5a5ee50c	us world war ii liberty ships
057cbc73	colleges in west virginia
ca84afd3	brooklyn maps
cd4e4a17	locations of u s mints
c0877446	bromocryptine for pituitary adenoma
793bec7d	symptoms of heart murmur
a182fa46	glen echo and carousel
dbc4488f	motorcycle high speed caused crash
4a735b57	address and telephone number of france consulate in new york
e7fe9c4d	plans for bird houses
28d2d712	snowfall in northern az
b24178eb	homeowner property taxes
ac0263e6	sea level key west fl
44db9193	homer's watercolors
0388b10f	teenage pregnancy
aa7a5442	plane crash oak glen ca.
d8796e22	whitewash brick
a3e0347c	rehabilitation of wrist
b3089a59	rainforest and school science project ideas
2db3cb49	cdc guidelines on hand hygiene
cca9440f	cocaine smuggling
71d40472	scratch off lottery tickets indiana
214cd728	hiking camelback mountain phoenix
1135c1f3	ear ringing louder
4c35d8cb	irish immigrants in 1880
038854eb	gulf coast satellite images and path of hurricane rita
2729e8da	look up president carter
62a98807	costa rica prostitution
e7481565	women and obesity
3171a2c1	washington monuments and landmarks
c17c51c2	govt jobs in iraq
6aa3f49f	u. s. population
313710af	barnegat light house
a5fcbcc9	symptoms of chronic alcoholism
0664ecf9	roosevelt district phoenix
d42d8854	astar aircargo inc
df6c2ef1	table of the effects of drugs
5370a276	how to help you child read
945318b9	dietary guidelines for americans
6a94dd60	tetanus reactions
9e1fd51f	bio fred dalton thompson
3ab5d6f9	terrorist financing
67fa8fba	military enlisted
e2bb1ccf	chinese food nutritional guide
e8b64179	car export to nigeria from us
b1e0ab3c	chinese culture in america nutrition
871dedf3	state senator barbara leff staff
2b5e9b17	key west fl.
3dd33e29	types of mozzarella cheese
2fac7cfa	credit reporting agencies
7d15ecc7	lasko fan recall
13cf210a	pseudoephedrine hci
9b4b21f6	organizational chart of the national labor relations board
799ec0bf	greenville sc paris moutain state park
1f590cb2	state of oklahoma senators
a9df43ff	police work schedule
dcc90b73	intelligence community jobs
68c85170	largest square in a circle formula
8d536486	camping the grand canyon
a9140659	u.s. crime statistics
c6a8059a	bald cypress flower
5ad35585	greyhound rescue massachusetts
2988892d	flesh eating bacteria
5bfe3cbd	diet supplements with ephedra
9354082a	north dakota deer hunting
eb558c8f	subcutaneous injection
35772942	hobart indiana courts
56c42359	erection problems
f16cd298	california historical license plate
8a05014d	ethiopia adoption agencies
5abd9c07	gray jay
f9a28048	aircraft electronic interference
0668d2b0	samples of performance evaluations
b7a40d01	weather records
1bac9483	activated charcoal strips
0ebd7f1d	shortnose sturgeon
b5c079c4	when to set clocks for spring in 2006
0ff63f69	cornea infection
5a5e73a3	palmyra island
3750546a	snow hill district court of maryland traffic system citation information
c265eb03	presumed consent laws cornea removal
de1584ef	unpaid parking tickets
e297f381	photographers of world war 11
c1525898	abraham lincoln life
0f4df857	katrina housing
db667ca9	information on the mexican mafia
d5c8cfa5	radiation of food
74317baf	lettersabout the story night to elie wiesel
93f1aae7	foods that contain alginate
5eb7a026	income tax forms
32bb925b	borderline personality disorder meth addiction
71fe88ce	trevor wetterling
fb05c57f	1998 honda civic gas mileage
e235e46b	stephen crane biographical information
f25750e2	b.o.p
9fb54cc8	how cocaine
30e69873	spring mill state park
27123d43	child kidnapping
f3dddd18	larry kline meats
2ec81c06	michigan low income free income tax
e33544ba	fishing mascoma lake new hampshire
7da9295c	reservations for oceano dunes
3f77f71a	delayed hypersensitivity reaction to levaquin
ae23e235	repair ceiling crack
71aac3b6	st.louis mo.
13891431	united states national average of female police officers
0f3ed6ff	psychological evaluation
ab575457	factbook ireland
268d1ba6	fema faqs
f8deaabc	adverse reactions to actonel risedronate sodium tablets
4b305598	what percentage of the population are over 70 years old
56423d9c	uncommon hypoglycemia
323e6811	tenotomy and bunionectomy
ca366377	local news on line in maryland
e6a5ffc4	beck's diagnostic inventory
f4c9879a	internal revenue service deductions
bc132455	volcanic activity
2eebb394	colonoscopy what is it
3db5a467	murals
112666f5	embryonic stem cells
37733727	injection for bipolar
deb56745	hardhead catfish
aae186c5	historical white house chefs
581fbace	tornadoes recorded in louisiana in a year
4ec9d371	i wish i was in the land of cotton
1406ee4d	what do assemblers do
a9c0b8ab	early childhood teaching methods
60e5cbff	how do i get a plumber license ny
6768d0bd	civil war battle reenactments
f2f19a48	prince kuhio bio
5c0732bf	arco foundation'
013429da	american muslim mosques schools
c65e6386	diverticulitis antibiotics
39dbb3dd	madison's war message...
5e6be5d1	sugarcreek livestock auction
aad47432	tenement museum
8b2ceab2	william j clinton presidential library and museum
5e5212e6	dakin's solution
ad96e1bd	2007 tax brackets federal
69574f08	alligator lizard
de9e5251	small business owners
c9cbfaf5	saul perlmutter
edaceaf9	car rental jobs in ca
90413344	employment overseas
26bb5155	measuring distance in space
d6db4102	heroin fact sheet
da46ad86	health topics for science projects
437c3bd8	beverly nikolai
f6c097ea	large umbilical cord
86e0fbfa	ect for ocd
c2dd69c7	treasury and inflation
24169969	lupus diet
b0e70e3a	kidney fatigue
fe5c684c	california state parks and hookup sites
4b19c970	mining in cascade mountains
7069c98a	tessler watch
9c0647a1	oran north africa
40550f95	jupiters moons
6976ead0	mississippi white bass limits
cab6ae6a	psychotic depressions
61e2146a	what specific blood tests test for celiac disease or sprue
7f4110a0	labels for garments
a045b28e	40th president
a7477349	sepsis caused by an abscessed tooth
f9e35902	what to do if your form 1099 is wrong
083ad0ca	town of truro ma
ac30a9b6	heart valve repair by age groups
8f096509	dog licence in va
92a2df97	elevator restoration
cd32c815	the life of slaves before the civil war
50914572	initial sound pictures
abe279f5	youth violence
ec98bae3	kitchenaid vs. subzero refrigerator
ae3cbfd2	hunting deaths
b31d77f4	indiana 43rd regiment
0ae97243	congenital amblyopia
cdd26a1a	diabetic neuropathic cachexia
27369274	401 k plans
19adfb63	vitamin k nuts
7311bfcb	ms-13 colorado
a4a95548	san andreas fault
ac657fbd	betsy ross information
799086a7	pictures of the 9 planets
9d626c4e	current breast cancer trials
3b7016be	millersylvania state park
8bb0f68d	morax inc
5dcba7ce	ksa ability to work under pressure
eb4b7d6b	the kwakiutl indians
8b7dfee0	images of war planes with guns on them
af990c74	ephedra ma huang deaths
c04ef7fb	evap system simulator
d5068e6c	san diego pacific beach pier
015fda46	declaration of independence of 1776
f5c10cff	industrial command and ammunition program
1cc6e595	martha jefferson bio
d048a246	aa.com flight check-in
cb42d89f	cost of lithotripsy
d4202ff1	sedalia missouri tornado
83dd1afe	donation of body parts
da40e277	us embassy turkey
b7396c17	members in the house of representatives
342072c3	ethanol in gas
636aaa01	philadelphia low income apartments
74a3c7d1	hearing loss diabetes
58689885	turners syndrome
2bcd9682	cancer in nigeria
25067425	spanish fly warnings
3cbb6af4	leiomyoma of uterus
92bee3ef	pollution in arizona
f0d41657	snoqualmie falls
39baa48d	nicole maalouf
218a95cb	kaunakakai loop
742e1322	diamond smuggling
4dab6d48	what is the us senators job
6cd0a178	cell phone and driving statistics
38640a27	pi symbol 3.14159
fac1945c	747 tire pressures
30e3ac91	ohio state highway patrol shootings
bc53240f	pros and cons of helmets
b1b438ac	riparian
fc3a6f43	type 1 diabetes
e0659093	statistics of percent us infected with aids
b5d2a926	rmv boats
9365107c	divorce united states
8ebfcfdd	copy of your credit report
17db83e8	what to do after being diagnosed with lung cancer
8145c538	auto registration fees
efa3400d	tsa management directive
fd3baae2	general samuel e. ebbesen photo
a8b61558	child safety seat
e468b745	tax exempt transportation bonds
cad4a664	chine walking
a313dec5	kansas city radar weather map
b78ee5d7	time difference between ny and singapore
6937d231	nm land for sale
b15b4653	lunken
2f0388fd	cardiac rehab ot
4184896f	barometric pressure at the poles
98e91641	ear infection from hearing aids
21dea28c	brown discharge in second trimester
d8498070	early symptoms alzheimers
db4a43b3	1040a w2 forms
4e42b04c	dog orthodontics
eebd7240	tingling in back
f9dc4f21	department of veterans affairs
29964a31	gas mileage chevrolet van
413cf853	check status of us passport renewal
da8fcd48	cleaning a tarnished penny
7c6f406b	diet exchanges
a739441c	vaughn reeves
b5d4b4fa	time zone map of us
aeebf54f	amtrak from la to san francisco
eef10621	marriage in spain
db1995c2	food service in south pole antarctica
a5ee05b0	boston animal shelters
caaf6cc3	info on alexander hamilton
02f4ab68	flag display rules
572f940c	franklin roosevelt home
b2990418	carsons corner tornado
3d4b21e2	antidepressant induced aggression
635e0613	living in cayman islands
8078f170	atlantic city nj 1930 directory
9edad7b0	marco cordon
0c989837	reporting tax exempt interest to irs
9c6856cd	national gallery of art in washington d.c.
3618458d	wakey-sleepy teddy bears
adc76b08	veterans hospital martinsburg
f515a07f	copperbelly water snake
f16db7e5	parkinsons research
161bff9c	who makes swedish fish
d5d1f908	how to get patent
a410d6c9	southern california road conditions - kern county
c4d51ba6	michigan milk recall
ea57d05d	use of multivariate techniques
02d7120f	q 22 syndrome
9ae529ec	metallic taste in mouth causes
6879a2cb	free trees for arbor day
8755d9d0	fort knox gold kentucky tours
94d3c865	addresses of u.s. passport offices
ad90f466	population current usa
1be37568	vietnam memorial washington dc
c5cd95cc	mallard ducks
f36e3582	allergies to amoxicillin
6fc595f8	travel requirements canada to united states
93922e46	hurricane floyd in savannah
54e369b6	nuclear weapons testing in new mexico
5bffefaa	amount of medical bills you can claim on your federal return
ae145d5c	innovative living
5cd1df1d	offroad maps mohave county
ece1b930	fake fbi ids
fe318592	california agates
34fc77f4	franklin d roosevelt new deal.
350756f2	west virginia climate and weather
7f96e084	zip code lewisburg or
94f4267b	national park ellis island
c93a36ff	what foods have folic acid
bf26e743	condors pinnacles
d5ccbc61	lyme new hampshire
ed0aa36f	hybrid alternative fuel cars
ebaab326	egypt foreign aid
34871aa1	diabetics tips for emergencies
ebb10aed	rice lake fishing
8cfc1eea	job openings in spokane wa
679e5f20	1960's mustangs for sale in florida
dfa5c182	emotional maturity
9bb9f76d	savings and bonds and government
67616431	welfare fraud pennsylvania
ea93fc4a	schedule d capital gains & loss
3410897a	picture of bush and alito
2d388cbb	hannah van buren
0946a2f3	sleet and history
0ea51c97	mood after heart attack
57b3ed0f	california state bar members
e279b69f	mountain pass weather washington state
03f2308a	color pictures of the human heart
3bfc833f	va deer season
cd691621	zoladex for prevention of breast cancer
27af7a99	allergy shots mold
31667f2f	psychosocial stressors
326e5ec9	non-prescription appetite suppressants
7280f225	accident of columbia space shuttle
79498c9f	liver levels
1ac59b3b	good feet store
bb530aad	immodium side effects
f2d45378	health issues in china
d7c45e01	zovirax over the counter drug
65cc4521	judge dorina ramos
655364cd	portrait of mr and mrs george w. bush
4122719b	cyst on a neck
a2bb91cc	hormone therapy symptoms
c972bdf5	arthur c. lane
6a79c956	u.s. merchant marines cruise ships
fd0ffe28	elk wildlife
c1bd6b76	fishing in washington
e44458c0	how to keep sliced apples
293fa455	public transportation from san jose to san francisco
43e668de	senator from alaska
212aa632	town of moriarty new mexico
c660e86b	uss peleliu deployment 2006
85bf0d1c	passport information application
0dfb733b	paula maher
c4690769	causes of gastric ulcers
7d68c614	low dose methotrexate
c200c765	acres into square feet
d975783b	moped law in west virginia
63a9a93f	data flow diagram
134df2b5	science activities involving water
04b6e2a7	columbia space shuttle crew
903ea849	federal government agency grant department
78fa084f	houston police web site
71058f4f	the earth's tilt
a7dfa9d2	needles camping
f7bfbb37	norwalk california nature center
75f7d474	food that often goes bad in the refrigerator
58a8b06d	javelinas range and description
3b7e962f	philipmorrisusa
46ff29c0	las vegas tax sales
6a8768b8	state representitives florida
9c178f92	history dingmans ferry pa
5e91ba87	zimbabwe's military
c1dc7a72	squirrel control and protections
bc7e551e	history of commercials
7d64a4ea	small increase in calcium in blood
c27c9186	slim fast diet
9ef3b4fd	about liver disease info
840f4d06	orange varieties seasons
4bf742ae	consumer fraud on the web
2c68b676	n.o.a.a. radar
d7589f34	what disabilities qualify for ssi
712efdcc	requirements of mexican citizenship
b055bf9b	kidney cancer screening
b9af06b2	jacksonville fl farmers markets
0b334efd	color and label map of united states during civil war
d18137e3	samuel c sample
8bcd2b3b	volcanic eruption
08780869	united states senators of new mexico
fc2d3434	adds turbulence
c7ef5fe0	michigan department of professional regulations
e45b5c86	good credit scores
b567a9f6	damage caused by breast implants
b131ad00	newport public library in ri
879eefcb	average annual salary in 1975
b9fe9b80	what materials found in bohrium
716e47c5	robert golub americe
75f31729	novel studies of the great depression
59b10600	ivory-billed woodpecker
fc1632cc	new hampshire tourism
31fab163	bahamas maps
ac915bdf	telephone company 1890
f5dd3d24	are cooking bags safe
f5cfc0d3	united states embassy ottawa
fa9d71ce	transplanting yuccas
615479e5	new york autism schools
51e43992	texas climate
49ddcb2d	group therapy for adolescents
dcf69b77	electrician job opportunities new york
7a754245	small two seater helicopter
79dfd5ae	pictures of john f kennedy
9340838f	notary license arizona
13cd6744	homeowner's insurance
af317d0b	physical therapy vs. occupational therapy
fd0bac76	sandy hook nj
a63fc679	virginia turkey season
4540daa1	reverse mortgages
74512f60	beef cattle ranching
f9b22002	chromium picolinate liver
233772f4	what does numbness on the right side of body mean
ff098645	carotid artery symptoms
a45bfd6e	the last 6 months of heart failure
395407cc	national weather service local forecast
3a096362	the national weather forcast
9f61f07b	calculating series ee bonds
6f747c61	500 tax incentives for replacing gas furnaces
90dd56f1	gabon's landmarks
22ea48c9	carter caves ky
9d475797	national monument washington dc
23eb3744	information on the spleen
385221d0	mennonites mexico
72006801	randy cunningham bio
77e1d405	yellowstone park - dunraven pass
6e408ac4	daily nutrition calories and fat
a7eaf7e6	louisiana hurricane flood projections
b04e1fd0	pros and cons of earthquake areas
24678c88	faa summer employment
0dc8b491	peter thottam
dced9e30	fluid in eustachian tube
93fded1b	butterfly kiss
ea95df86	diabetes pump
85dbc756	plane jobs
2dd6a669	identity theft
1a925944	how to find least squares line on graphics calculator
f27c52b7	ear infections and pneumonia
7a8987f0	who was the first person to land on the moon
b3218fd7	what are the final stages of aids
db7dc64f	government jobs for students
84b4d9e7	ebola virus
cd94859a	emergency response plans
03a377ff	belarus
7f90b3de	the life of john d rockefeller
f1bb94a1	poplar hybrid
8b0b5fdb	blizzard warning
96f4b100	penkovsky case
a82cc52e	fungal titers for cats
c9564415	contributions of nettie maria stevens
89a8c108	home of george washington
5e18c9de	declarationof independance
b20afc3e	steam boiler set up
ce4c4f82	info on white sturgeon
65bd0892	n y p d
e9985b4e	rss radio
f485171c	obtaining a passport
bfd9e123	protein production synthesis
9093b1bc	how long does a person live once they find out they have cancer of the lymph nodes
bc26c101	siguatepeque
212741c7	us fire arms
2571cd89	snake headed fish photos
3e0de5e7	raspberry smirnoff twist prices
8317e464	pet therapy
5090c225	lockwood plaza apartments in ri
ed5ca610	usaa membership benefits
29838a8d	california sand burrowers
89ec773d	looking for someone in the united states army
728cc7df	medlineplus medical encyclopedia diabetes
846a9381	black founded colleges and universities
532de107	indiana airport authority
021b0c88	cat heart problems
4ad25403	canoe rentals along the charles river
7e7dae92	avastin and lung embolism
95ff4e43	archives of the vietnam war
54b646c4	club med sun and sand
aa22fbe8	fbi field offices
44d19926	state of mississippi employment
bfa87042	members of rhe lewis and clark expedition
03205b68	constitutional convention in 1787
89919b90	tourettes syndrome and antisocial behavior
960b61b4	blacks in the civil war
63bfd9f5	california nevada earthquakes
0241951d	information about martha stewart
1e8e1e69	crime mapping by neighborhood pa philadelphia
138dd319	minimum wage increase
7fa28de5	ukiah gun club
07b569a8	inheriting fragile x
a084f75c	tapeworm in dogs
50fa646d	whale info
509434e0	wide brim male gardening hats
616932b5	state flower for the state of florida
ca5230c0	tinnitus and suicide
046dc004	gastroesophageal reflux disease gerd
0211a4f6	hovenweep national park
29b624bb	deltoid muscle
3da95064	steve rosmarin
216a1922	hooded cobra
08251c2e	hiring questions for food service manager
c2603153	indiana city maps
1ed7aa0f	bahamas nassau airport
f8a38dde	dose of clindamycin for strep throat
e3c3d645	ariel fleischer
8b20a017	map of the united states of america
ca651b9e	tropical names
3ae11aac	teacher educational requirements
904ca425	bens guide to us goverment
cb2b5acc	huntington's disorder
7a6190e1	cushings syndrome symptoms
4d4dcfde	photos of native american indians
1312d8e1	swollen glands in arm pit
49329b17	history of nasa
cc93c5ca	the war of 1898
4d632140	the vietnam veteran's memorial in washington d.c.
2d5adf54	haunted castle fire great adventure nj
76fba586	which bright comet is visible to us every 76 years
737d4faf	reintroduction of gray wolves
db9be73a	impact of hurricane gilbert on jamaica
9487a1dd	valerie freda
d0228e59	state parks in maine
53b25e66	mark wolfenberger
e9620e3d	teen sexual education
17ce520a	rainfall amount in smithfield nc hurricane fran
23b44b62	fossil butte wyoming
00ed8049	tornadoes for kids
20a9994f	understanding open-end loan plans
2399732e	list of names of foreign exchange student placement agencies
baa25d03	address of the us embassy in thailand
228bd2ed	national security preparedness
e427c5db	autism and vaccinations
5f91094b	excessive ammonia in body causes tremors
f9d84fd4	battle of the little big horn
ef775e58	san juan airport diagram
48a3179e	george bush inauguration
f647d3f9	what is a s corporation
9e87812f	wisconsin dnr turkey zones
b6cec3ff	learn the usa map
35d459e2	louisiana capital building
10ee27b7	usa percentage of world population
ebb31f7a	katherine g. johnson
03d600b3	equal pay act 1963
7405b463	white house egg hunt
bc9a08d2	cardinals and bird
c489d5b9	lemon extract
429b7e78	samuel pinn
3b4e0568	phillip sheridan photo
4fa46b33	s-corp rules
b384f60d	endangered animal information list.
9da67436	los angeles cal weather
85b68e36	can graves disease cause low immune system
0d05e1c3	memphis tn conte's italian restaurant
a400f9b8	add a marble top to an existing table
681b2b4e	food experation codes
057e9847	body pain diseases
bdc9956d	wisconsin army reserve afghanistan
df4f1e9a	volunteer opportunities for teens in cleveland ohio
57211143	ann klee
575e2c5d	failure to file income tax
6972adff	ishares silver trust
391957e2	palau citizenship
abb65ed1	taxes for independent contractors
6b28e423	wind farms in new mexico
027aade4	city of san antonio human resource department
2f2b0d3c	melting point of paradichlorobenzene
50c63136	around what date of the month do seasons change
1fc2285d	indian reservations in mississippi
fea45410	kidney and lung cancer
638f6311	single simian crease
2d049d81	what is chronic periventricular leukomalacia
a0de4716	facts about the drug coke eight ball
e95c4993	teenage boys with asperger's syndrome
fabb1c87	reye's syndrome
1ffee6a4	colonel ef klinner jr
55f2a6dc	president lincoln at ford's theater on april 14 1865
20bfcf0b	unique rare coins
d73de450	rio rancho estates
15699361	piel gniarka
995dc23d	shrimp trawling
d62a4601	venture capital how it works
d20cfa8e	effects interferon
8d8dac64	pecan weevil control
84876763	angelman s syndrome
764b3c64	when to expect earthquake in memphis tn
713b066b	civil war soldiers list
f1dba6fc	historical farmington massachusetts
97de3a7f	pregnant after endometriosis surgery
62510b51	ketamine infusion
8f08629b	h1-b visa fees
7ff3e613	kris gamble
bffc6d1e	storefront churches
e26847b3	murder rates among races
d559496e	treatment of aids
f2a05289	infectious diseases and rodent feces
e0eb5221	venomous mammals
e0e2ed88	steroid abuse morbidity
16446fdd	ncep cholesterol guidelines
d9dbe162	acid rain is it problem to the rocky mountains
30df0474	volcano eruptions global temperature
055dbd83	about the periodic table
9c092ccd	signs a woman is having a heart attack
b908f2d4	day dream believer
b3ab9970	cause of migraine headache
5fdd6279	mount pleasant county school district
8ae29d09	quiting smoking tips
d54a01a6	maps wwii
9124f37f	hypercalcemia
445c34ad	recycling in albuquerque
a463f672	binge eating causes
41a35b7f	city of cambridge massachusetts
b0cc61fc	vitamin d for dogs
b1998c18	paying taxes on the sale of a home
09ca500c	mars flooding
3c331521	revolutionary war periods weapons
4551d1e8	geostationary satellite
cf650a17	buckhorn lake kentucky cabins
f9643c71	definition of a vitamin
eef1168b	alpha fetoprotin
7f44b75c	ecstasy in the netherlands
cc5d6f76	governor.ohio
266b67a2	obesity public service ads
2594ea1a	harry alleman
61a1011a	mental health org.
9a314670	what not to take on airliner
80e625a2	small bright yellow bird with black and white tail
4b4708e0	stone ridge school bethesda
48b6d089	windgate ranch scottsdale
75b9e55e	nasa space camp for kids
e6a3568a	purple martin house building
b96c7b2b	augusta richmond county jail records
c0c193ed	ben bernanke - new federal reserve chairman
e63e01d1	14 th amendment
25db15b1	opiates and sleep stages
e71c08c2	ban on human cloning
3fc85a1e	catalytic stove
6120a2cf	who is the cia director
e9b7cb3c	remington fireball
d3928235	mental illness and genetics
4611d087	map of jamaica bay
11a0504c	grants for jewish vocal artists
530c0f6b	young soldiers of the civil war
44fff2de	vicki schwaid
1e8653bc	russian milk
8c5765b9	75th precinct
ea46bb62	va healthcare eligibility
511859ab	report spam now
5b480422	gold medication
eb7eac54	okmulgee creek nation
a776c254	pierces' island maine
4e9c61e8	what is annual snowfall in atlanta georgia
5051a94c	governors school for the arts louisville ky
4bd84e94	flu shot
d39bbc22	rosebud
1a8edd2d	gemini 9
9a14cc28	what does the v-code on a w-2 represent
3e8c302d	crack cocaine pictures
cd9cd9f2	recycling plastics
20d0cb19	clark county wic
a28a9f83	united states air force academy colorado springs
e336dc87	dysgraphia
13c71407	sudafed and pregnancy
baec218e	job salaries
dd329e46	charleston wv city page
47c5e060	state department of the united states
98fe9b5c	road cameras
3b8b67f0	cathie joughin
f6a6db66	campfire cooking
e6da64f5	weight loss in alzheimer's patients
70a500bd	carolina sphinx moth
a27cc094	potato chips size
32246718	wayne w. umbreit
d93cf64c	us representatives from new hampshire
4b9dc6b2	republican party mascot
ed014d30	town of east haddam
5a70fd42	montana history great depression
a57defe1	what date did hurricane charley hit fort myers
178242ae	map of mars with water
b7d5bbed	tolmie state park washington
c77c1375	summer job opportunities
fa7f3d31	mounted unit new york city police
4ba1187a	carbapenem
94cdaa53	staten island bus route
b50302f9	u.s. purchased alaska
12bfd72c	listeriosis temperature
05660082	rape and demographics massachusetts
fe1e7e4f	inaugurations of president
e8c5b962	blondell reynolds
47755eb6	cat families
e6750b62	rn licensing wisconsin convictions
7ffca6db	who are senators in virginia
780d3c32	grants for hurricane katrina victims
2834404b	us embassy in guyana
9c021371	contact your california senator
e39bf390	district of columbia court house
b5291028	weight loss and cancer
b8ca1426	teen pregnancy songs
60956177	2004 statistics of stds in the united states
b7a8974e	alternative fuel e85
3a6e5fb5	noaa weather predictions
b1ae0027	low rate house loans
ef80ac61	siemens notephone
ec3ef521	taking thryoid medicine along with heart medicine
980b90c7	how many white collar crimes occur
baa214ac	saffir simpson scale
263e9b5e	congresswoman marilyn musgrave
fad0f1d5	self starter business
36b2defc	social security earnings and benefits statement
4f6bb5e1	doctors without borders
14c7de81	obtain a passport in mexico
414e42a0	congress comstock law
05dfb8e7	disputing item on credit report
96f39bfd	anjan sahni attorney at law
20089cf2	john quincy adams
e666aa25	james samuel mendicino
dbbb0e01	licorice plant
8f89055f	controlled studies on how wine affects the heart
26ef7d45	mike glapinski
a70ce4a4	world war ii casualties marine corps
13985b02	weather watch
92e505d6	north korean counterfeiting
668f99ad	the little pee dee river
a58bc481	united state time zone map
070e48dd	hot dimplers
1377c1ea	illinois population
c5e253cb	giving a baby sugar water
be454431	symptoms of post tramatic stress syndrome
171b503e	rainfall averages san diego
837c8a48	seized real estate united states
275277ef	brothel maryland 2006
fd25bc2f	music from beauty and the beast
2cf28302	types of lightning
d3e6c13c	discrimination and retaliation lawsuit filed by simmons against boeing in georgia
798184e4	what is valerian
837d520d	alan greenspan retirement
8637b181	what organ produces bile
e32d7108	governor james douglas
36203970	natural treatment sinus infection
ca0061b8	n.h. state maps
22a01a2c	395 highway
d1d1240d	timeshare resales
3dfd2c9a	how to figure va disability percentage
841c394e	types of pears
6d539314	citizenship by marriage
9d9c6312	handwriting recognition
e05e6e72	teen alcohol use statistics
4058a605	wind zone map in texas
7a59d2a6	find local police precinct nyc
325d6e94	42st port authority
65415123	san francisco earthquake epicenter
fc4fab47	al-muqaddimah
1f192b24	nyc taxi medallion broker
28d32b78	total knee replacement surgery
92d254d3	senate email
80ebc6c8	estee lauder code of ethics
d77e8474	death valley lodging
72a0d965	war collage
433e1f87	atlantic intracoastal waterway
b229cb07	franklin d. roosevelt and the new deal
4a8c83b0	minimum wage 1996
bbe4576a	cyclorama
c32760ef	johnstown flood
5ddbe0cb	sidewalk chalk art
2f432f39	hines va
ebb6590e	sea levels
4c486efa	three wheel vehicle
601cc110	is extreme tiredness a symptom of low blood sugar
3cd3e2f7	claim auto repairs on taxes
29c98da7	trailtech recall
4fe33be5	most famous senator in history
fe8f4c64	people finders
865dae8a	what is secondhand smoke
50efb75f	state ny
c7eb0d4f	home energy conservation
506319f3	new haven post office ct
ad8e247c	dental and enbrel
ce9b3fd7	surface tension
fd360d53	mega ball lottery
674a8ad5	nursing programs in the us- night school
e2a1b716	monique c designs
ff4559bf	sexual dysfunction due to zoloft
d48a1ddf	washington beetles
a848086a	myxoma
0bb62aae	pictures san francisco earthquake 1906
ca069afb	1890 census
0aaa7f9f	garlic allergy
ddc8c1c8	benefits of physical activity
23112b3c	usps rate quote
24532e82	canadian manufactured all terrain vehicles
263fc9b4	pacific tree frogs
41053014	abdominal distension
c41757c2	electrolyte disorders and symptoms
974fc90a	metastatic prostate cancer
c740e138	manila philippines
9316b4f4	russia's changing economy
85824e25	presidential election for 1960
e55e235a	recycle foam rubber
2ef61365	white fuzzy on tongue
5ccad8ee	crime statistics city by city
0eadc009	ohio top 10 most wanted
5f8a0856	animal services in miami
964c17da	job source washington
aefdf640	pinstriping with a wheel and a magnetic strip
04b47f23	implanted birth control
d621d816	fountain pens los angeles
799b2c9f	what is dandruff
30d1227c	pictures of carter woodson
80e875b7	oklahoma ants
24e3890b	montgomery county md jobs
bb1f15f6	police exams
0fb1b0d2	wisconsin teaching certificate
7a48b10b	how does lightning work'
649364a9	federal fire prevention and control act of 1974 federal fire act
023a001f	distance to the center of the earth
91c7e3ac	california state law enforcement jobs
ac2f05c3	2002 health care gross domestic product us
8b579206	letrozole
7c636632	dinosaurs that lived in pennsylvania
b71c2bac	how to stop smoking
9695653e	statistics on affairs
a271fb2f	gold mining laws
1a27cedb	artificial reefs
7941c311	u.s. most wanted
34e49327	maine-maps
fa092a38	publishers clearing house
65d0afa5	report of illegal aliens
af167a1c	spevack vs. klein 385 u.s. 551 1956
f0bab201	forestry methods and techniques
539cb3d7	x-ray binary stars
b26571f1	bomb making
c8ba93b0	senator dominici's office
14e23616	vt home childcare provider laws
cf3bdc57	book of prescription drugs
790dc663	custer's last stand
ec2b2b9c	food
ef59c6a6	animals in yosemite national park
ba68a92a	interest rates on savings and inflation
8ba4e59c	women scientists
44c7523f	atlanta veterans affairs office number
13c377ff	which of the united states are required to wear seat belts
7ef66287	what year did a hurricane hit new york
4318b366	veterans of world war i
50f03b21	washington state state flag
f536eaf8	body heat affect on joints
2a266ef6	education level of parole officers
7fb6be08	holiday in nigeria
aeda98af	board of registration of psychologists in mass
f71c9b99	senior population arizona
158de392	civil air patrol
a3b21354	map of lake guntersville
c7ba5e08	march health awareness
bbe075bb	ring necked pheasant
8fa57cf1	pandemics
f0b0f9f7	national guard involvement in iraq
799c76ee	police lateral transfers
bcec5527	kennendy space center
d49830dc	pdx airport future plans
1e5897f4	wyoming airports
8f4a2ad8	plague - yersinia pestis - new mexico
54bd35de	hershey candy codes
3c686fc7	thomas jeffersons early life in office
591fcbfb	future growth for tonopah az
746db59f	tallahassee 2006 pow wow
5b99cbb1	cruise ship schedule for hawaii
e7f5bcdc	one ounce postage rate
928ae70d	lung size
28fbc5d3	email address for white house and president
c63bb7c4	what do occupational therapy jobs do
529851f8	homicide statistics
082354af	photographs of new york city
54b71ed1	females and grade point averages
d460e80c	city of augusta ga police dept
c6f9d16d	new currency
fe09836d	jacob brand sully iowa
80a3d040	colonial vegetable gardening jamestown
cadcf463	mazda mx 5 gas mileage
5e13a03a	facts of u.s. currency
c8a72a37	grants for law enforcement radar guns
54e8b95d	mars nasa student poster contest
f22fcd92	crater lake np
d2168376	california child endangerment laws
623ab69c	planet years
a18a36b6	infant anoxic brain injury
d861a209	irs small business tax forms
c59792b0	best time to hike grand canyon
3f290619	free us census report chart
d6078b4d	sabre springs park san diego
71764463	florida seminole indians
4ea1055a	belgium consulat
9855d197	weather in norman
02035871	water freezes at what temperature
a5a1a264	davis plantation
fb2a19de	complaints against sterling home mortgage llc
8d88a251	endangered brown pelican
8f716f59	map of zambia africa
ab468c3b	a complete list of nashville tn public schools
3b1a4f90	secret shoppers
05a02a17	swallowing hair
31b25b42	lessons on fronts
62485c33	bayh
c2aaa3f3	fbi firearms examiner
e70a2727	convert fahrenheit celsius
b19adb2e	recall rocking chair
8ffd77f1	model railroads
0257864b	jasper.indiana
aad13c71	search the web for gentian
330434a4	zip code for scott county va
4407c707	yellow throated birds
ec7d8115	hurricane season 2006 predicts
9c9c8f02	voyager 2 neptune
91d50ad3	epa method 625 modifications
62e57743	illinois eastern hospital for the insane records
4e54fc33	electronic technician employment
545daeca	does taking tramadol affect ability to become pregnant
42940769	wine grape juice
75900286	world trade center tragedy
f98d61eb	distance between grand canyon and phoenix
279edd72	blood glucose normal range
cd897a2e	uscis law enforcement
25a61e6c	las vegas mayor contact
eb1b39b1	inmates of state prison
1479b9f8	barack obama biography
d865638f	noise and noradrenaline
fd6c421b	pangea continent
03cf27ea	the history of the pi?ata
69d86b9c	colorectal cancer and cumin
3092231e	population of singapore
a6311143	devils slide beach
19332806	outdoor shooting range
12c45d8d	pollution in the chesapeake bay
cde00498	dopamine and acute renal failure
16cc0a19	stratton nebraska
b31de82b	jason enos
b91aefa2	mo food stamp application
71008048	st. kitt's
73ab5b62	types of spiders in brazil
56cacd80	relocation in wyoming
2cdda593	the country of chile
90450b33	scholarship contests
8dd53b61	13 amendment
bd73cac8	marfan syndrome infants
a62c52fc	history of twa
8657e103	santorum darfur specter
6b45e58e	reduce your debts free online
9aad69aa	road conditions for hwy 5
6717a493	big dig pork
4bec46db	representative brad miller
a419d8d3	medication for male anger
71b9a143	best diet for ibs relief
3b77b17e	erikson psychosocial stage inventory
4f55048e	mount rushmore national monument
ed514dc6	symptoms of typhoid fever
f7bb7cdb	fasting and amphetamine addiction
e03ea024	what to do about swollen feet and pain in the legs
86e43f0b	science fair projects
089e0f4a	police jobs
5d2113b6	sore at the corner of mouth
c7e0f223	vitamin b12 excretion
b7296d05	map of fayette county kentucky
72b08799	shuttle from lga to jfk
4fa0b338	ohio daycare
3294e21a	eskimo history
db9dde06	dents in skull
2bc55030	noaa charts florida
daa04fe7	urban suburban coyotes
154228d5	social security card identity theft
4c8d7b13	quarter collecting
77ba6e12	population wellesley mass
f8c04406	facts about wyoming
316fa7d6	navy command job posting
e191d958	discrimination on the job regarding religion
c29283a5	how do i file a patent
42f3fb88	federal rental assistance
b36f0750	mugalli v. ashcroft
3289d3b2	i've been working on the railroad
49011dbf	galveston bay map
7402c9be	high terrorist risk cities
3b236b65	u.s. rep.harold rogers
edf85554	fort snelling state park
d8620972	when will you know when you're pregnant
e98179c6	study links bone density loss and soda drinking with teens
b33c596b	prescription drug deaths
b8a2166e	2005 police chases in california
3a8e55ce	northern virginia gang task force
3fe74603	dag weiser
6d5d07c6	geysers
3a1fb94c	comfrey herb
5d2a3174	air tight wood stove operation
ca949727	characteristics of people diabetes
e45378b0	norfolk fire department
cbcbb1ac	sante fe new mexico
22f9513b	inseam measurements
20695c27	currency 10
ef1e0ec5	unemployment
fcc9fe7f	hand gun statistics
d924b79e	age for medicare eligibility
e12c7a99	albert wynn
1b4b4c95	camel north america
8a603618	how to raise ducklings
4b3e80f9	lookout mountain
2641bca5	educational problems in u.s.
9c9673fa	auto broker license
5b137918	national penpal organization
d0991692	harpers ferry arsenal
aa313cd5	city of sunnyvale california
eb289113	statement of work
b36b488a	your my sugar plum sweet pie apple of my eye lyrics
517e4d44	can an employee tell their supervisor to leave his work station
0c5d9363	senator lautenberg email
2cddfa41	post surgical depression
888961bb	dog urine and lawns
56c9cde6	mi holly military cemetery
e02f1217	james patrick connelly
4c105f9b	religious organizations jobs
1d5c7252	mussolini political cartoons
65366171	shrimp farming in south carolina clemson university
19463f00	colon irritable
40de2dd1	age limit for heart transplants
bf44a4ef	denture articulators
3a0b098d	fish with mercury
cfcc2103	temperatures for reheating food
bb4768a7	pol pot
004c106f	james river settlements 1609
67b8bbb3	hydration therapy for cats
51a6b51d	earth's ice caps melting news
723fdb1a	what is 1st trimester
c5b9425b	nyc police cars
825df4d9	benefits of the seven habits
5eef1dd7	color properties of meat
a33da84b	effect of the assassination of james garfield
3302bf3d	star-spangled banner
3bc37e36	thomas edison
9281ad65	cruise warnings
0f444672	medicare veterans benefits
bacffa0d	seized real estate
a25db251	how to be an organ donor
e3f2e244	medicare hospice
2776257d	automobile gas mileage ratings
a34c37a7	citrus tree fertilizer
cc0a379c	2005 statistics of people arrested for marijuana
933af059	struggle with religion
461adc63	creation of the alps mountains
355d1000	subaru forester
8b9bfaef	federal sick leave excuses
29f58d2f	what is selective borrowing
a9eef6d5	information about grizzly bears
834161ae	joseph santarpia
ad8aa33f	nasa scholarships
fc2df5e1	harbor tours in everett wa
09053297	judge irwin berkowitz
4eb9638c	bankruptcy fraud penalty
774e3bc1	elevated clotting factor in blood
d9238ded	culver city gang
92bfacfc	office on violence against women
98117ca0	ksc 45th wing
7543f82c	ethics human genome
4efbdf12	schwan food manufacturing
4e4b53b7	miami property values
d084eb99	vladivostok russia
4439685b	physical symptoms of poor diet
a5b14923	facts on multiple personality
032e768e	duties of a bartender
42fd50cc	portuguese communities in the united states
a2a06986	lautrec
944176ac	needle biopsy of the lung what to expect
9e73854b	spain's national anthem
21a1e160	alternative work schedules
002e7428	recent earth quakes california
881d5d07	naming the planets
531ba1dc	cutaneous asthenia
7dd8f52d	dysplastic melanocytic nevus
b43d1772	oklahoma government senators and representatives
274b5c55	graphic designer stats
9dcf8cd3	consumer tips on hurricane repairs
ad9c78d7	commissioned corps
eea418f6	sever thunderstorms
2d1ca2b5	dismorphic syndrome
196489ec	frying pan park va
5d148bb6	map of us outline
58767057	us postal shipping rates
cd0fb6ad	food shopping healthy
f51a0efa	biography of john lewis
908eea2d	guatemala
c8661913	bipolar disorder support groups maine
7f2ccf5c	portugal world war ii
90c0ee00	w-4 form
59407a4f	pawtucket dmv
56cb4977	earth faults
9e3f65d8	f.e.m.a
995d26c8	how to file for extension for income tax
b101ea4f	shortnin' bread song
6f0a0852	sarcoma
7497e76a	after kidney transplant
31d39f29	18th combat support wing
3f8fbe0b	turtles in the mojave river
0897aba9	osama ben ladin
f8a74c9c	indiana state parks cabin reservations
1e61df61	varicella in newborn
b005fde1	depression in children
9397dc11	underground railroad landmarks in kentucky
9aaa1571	galileo satellite
39f78233	city of northampton ma
e9f784b7	federal direct consolidation loan deferments
55f55c15	ny irs locations
707537e5	foods to avoid with irritable bowel syndrome
e79839ba	sun protection clothing
4157d373	earth compared to the sun
e7668462	utah state property tax
325c7ea0	methadone withdrawal in babies
26856df3	how many items in a gross
5174186d	epa emissions
af41a90d	diseases of young goats
f45a89b1	production of carbon dioxide
2640b8b3	pay scale us air force
2bec1dfd	miami dade jail inmates
219669e2	prozac and equetro
640dce71	vatican
78d39095	diabetes in hispanics
d277a443	battle of balls bluff
f4f2bf6b	vegetable calories
40dc520d	az. county treasurer
e63eeb4d	crips in delaware
f908ba4a	moth balls increase octane
dd81274c	jpl
612e115c	west nile virus
61651696	homosexual second parent adoption
3a163ac1	marriage citizenship
35c19743	dana reeves type of lung cancer
872eb31e	birth control pills and cramps
a0035840	preventing alcoholism
70381220	texas gas tax
dca0ad97	san diego police
e229f629	calcium rich foods
bdd6ae8e	pediatric anesthesia effects of
0ca0bd00	muscle twitch in hand
67a3dee8	what to do in brazil while traveling
c6da3622	how are comets created
b3364467	metric system
92c27778	bleeding after sinus surgery
f03b5b2c	valley forge memorial arch
061ddfd9	turbo jet engine
7a46777a	planet mercury images
78aa783a	social security office in ma
92e4cf65	manasquan river tides
e663a1c6	simshabs plaza
2ace7bbb	map of north america with rivers
208232a1	prostate cancer -radiation
00767474	tavernier volunteer fire department
d915be8d	1991 massacre at simons rock college in massachusetts
b812ab36	pregnancy medicines
f70c133b	jose battle jr.
5af9b1d1	cooked food left at room temperature
b4bbcddb	postal supervisor exam only
bcb0f216	pseudomonas aeruginosa in cats
610f888d	polyester carpets
a9ce93f7	maricopa county arizona property taxes
3d0d0c61	immigration registration forms
5fcc43e1	ocmulgee national museum
c38eb99a	fl section 8 apartments
a8b12c7b	what is the end of the surrender period for an annuity
896d4feb	reason for snapping of bones
25780d3b	diabetic diet exchange list
201fd5cb	getting a u.s. passports
7d87a2ef	va hospital prescott az
5af58e90	future direction of mental health coverage
aaf7692a	hornet nests
ffe114e6	sen pete dominici
2d9e6b04	map of the state of florida
d64d380e	can my bank account have a freeze on it due to unpaid child support in virginia
75713695	thomas edison film
7c8f1610	missouri lake temperatures
21e572b0	security officer training
f042e059	bears at yosemite
f30c5186	cow taxonomy
9bb3e8fe	location of breast abnormalities
56568389	natural resources and oil
6a531a12	harpersferry west virginia
43c6ea6b	operation blessing
6b38362f	forest fires
312f9f4d	government facts on new hampshire
6dd0f41c	2006 taxes from hurricane katrina
ec26019a	david foy lusaka
96bb34ce	ticket for the white house
4bd829c5	pain medication and depression
92df0053	omega-3
945dc21a	father damien
8766acf6	louis tuzzio
205fa783	calcium enrich food
ad5ddf72	gary roberge
fc25c3b0	people with family history of diabetes
24bfc666	to many yogurts side effects
c32e71ad	noaa memphis
8a77729e	riding mowers
5e78a922	hurricanes information
24c2240c	butcher job
234f659c	unite states maps
2e80b48e	abortion post care
f92acc46	information on saltgrass
014850da	gov. thomas miller
6b1ddc2b	lupus and death
292514f9	equal house lending
7ba01b71	egcsd
859ba0d5	.pdf
84e87466	magnetic therapy for chronic pain
c01dd478	brown tree snake
816065ee	pain in finger
880f6ddc	inhaling spray paint
32c0ee23	susan schwartz sprint
142199ed	alfonso lenhardt
79d7c0d8	ace inhibitors and indigestion
994c23eb	student loan interest deduction
aa8fa8b2	tim holian
211f3f58	ky licence plates
05eb4cc5	tooth fairy museum
e751ff2c	facts about black holes
422fa0dd	antidepressants grapefruit juice
fff1af4b	what does testosterone do
8e918263	i bonds versus ee bonds
85e70020	uninhabited ocean islands
6fccc58d	nmfs blue whale
13166060	no sales tax states
148c5a2d	dan flavin
7c34d0ca	moving expenses deducted from taxes
055b7b59	impacts of plate tectonics
0b4ebca9	small business statistics
80fe9ccf	damage to the superior colliculus
daef11b7	us consulate mumbai
d4b24880	statistics on firework hazards
cdf85a18	egypt weather map
ec323720	duties of a police sergeant
933ed195	stages of asthma
6e41715a	elk hunting in utah
9857954b	snow fall dec wi
7f862fa6	effects of oxycontin
b0f75db3	facial twitches
0a10f0c7	raloxifene
214c4f74	pancrea cancer
cbae9b91	katrina emergency tax act of 2005
4ac81e6c	new orleans
cf848480	red rock canyon hours of operation
2c326f7d	names of abnormal toenail conditions
48a0938f	dot number for truck and trailers
1160ae04	chester a arthur
4b4ec678	anhinga
8d6218bf	attorney for senior
f5aae230	diet for reflux
43fb366b	new food guide pyramid picture
03e41834	how many calories should i eat everyday
2b271956	family medical leave act -fmla 1993
b3c0f397	united states full map with cities
ed3501f3	national archives building hours on good friday
75740dc4	historic aerial pictures of puerto rico
3f8bd581	fire truck manufacturers
d0884448	attorney general indiana
f37c1b93	croatia
6a934293	free annaul credit report
cca06c65	inches conversions
842ac2f8	what documents does a united states citizen need to enter canada
8677bf46	jails in arizona
b2eba66a	wright brothers
22ce1163	plat maps for maricopa county
503ce704	president adams
3f63e6b8	childrens hospital oklahoma city; 39th streeet
1b82a1c7	police officers with ocd
409027d4	family medical leave my company fired me over this
15930854	pap test
14c0ba6b	did herbert hoover give his salary while president to charity
21751651	brilliant vodka
48451bb7	the fort kearney south pass and honey lake wagon road
9551f1ac	united parcel shipping rates
e53e0bef	fcc rules on cellular tower height
f52a651d	how to build a bat house
1f91148d	army corp of engineers cecil m. hardin
b882ba60	how to get your dd 214
fc0b0671	tachistoscope computer
0d714b6a	states laws on use a metal detector
c0821e0c	what kind of food help lower your blood sugar level
f16475fc	when a hog is ready to farrow
5cb9cfe5	adopt abused children
81427caf	state seal
6b6a075d	brother truman the masonic life and philosophy of harry s. truman
93e30f16	u.s.maps
5a8bcf37	epstein barre virus
625f322e	st stephens of hungary school nyc
e948d73d	lyme disease kentucky
6ff0fe0c	army recruiting stations in columbia sc
42779084	the under eye area is very sensitive
785c4862	national park service uniform
a9e0750f	the 27 amendments of the constitution
063796e5	noaa radar dallas
5699e548	bibliographies on horace mann
b124699d	arizona united states senator and representives
d984b078	capital tours
3650fe21	san francisco earthquake 1906
ee072caf	what is the united states plan for prevention of bird flu
d7a82b37	new jersey state flower
59180a9f	changing name on social security card
0d675880	senator hillaryclinton
c452b51d	united states department of state cuernavaca travel advisory
033e2949	can you cook a turkey breast from a frozen state
1350ecdf	members of congress who are roman catholic
fa4c57ef	homeless shelters in new york city
53cfec69	what is the prevention for streptococcus
f14beda5	new york city school ps 46
02ad46df	oxylate
df753976	herbert g birch
3d7b8f57	town hall salem connecticut
2f6f46fd	map of glaciers
a296a321	perry frankel
73902c3e	intravenous iron therapy in chronic kidney disease and peritoneal dialysis patients
f6d194e8	symptoms of basilar invagination
11769499	native american art shows south dakota
4adac0cb	drug screen for prescription drugs antibiotics
399426bf	gabon national holidays
c5dd47ed	stonemason hourly rate
ee1d6213	nassau county court criminal records in mineola
5ab569cd	storm of 78
d16de2a2	debarment gpo
0d8a95ee	breast cancer gene
42a8bbab	us house of representatives for pa
bd880bdb	katrina marsh damage photographs
ac48ad27	elizabeth cady stanton
66fbdc95	sub-saharan africa
b8b260fe	how to get a copy of social security card
149f7825	wood damage carpenter bee
738706f7	tourist visas for mexican nationals traveling to the united states
ac1c8b24	ambulatory surgical centers in the united states
ae40df76	how metabolism is effected in exercise
a9d49b0a	handwashing gel
12c7b96f	united states government sites for children
e6fd369e	accomplishments of andrew johnson in office
fc1b874a	history of montaup power plant in somerset massachusetts
a8ef545b	government of the district of columbia
4c370628	mange equine
332fb904	certificate of birth us citizen born overseas
5b8d7165	pictures or drawings of coal or wood stoves from 1900
ef5ce0b1	funding for art programs in public schools
dbbbf300	rock hounding highway 178 bakersfield
074f0d9b	wa state forest service 2005 wildfires
b2ec22ae	hunting land for lease
4553aa4e	high magnesium foods
38103ef9	brule river
d614d4c2	rockfish
e4ca0193	arlington national cemetery
ac19c025	orbiter
1c0c271e	father tom hagan
dd678396	joseph anzelmo washington d.c.
fbe5c4e9	mirena side effects
b5aeaea6	foster care hiv
48f95e50	zip codes
a55b5f17	department of commerce what does it do
8115867b	traveling in brazil from theunited states
22b989de	united states payment to use bases in italy
6c04df8f	symptoms of ebola virus
c8750eb4	ronald moy
eb7431c5	about the white house
ff820f8c	diabetes
3c3eee43	woman us ambassador to denmark ruth bryan owen
4a1efb4f	george raudenbush missionary tn
40f1445b	map of lake parker lakeland fl
658d9901	how can we treat water pollution
5f3e1f41	space shuttle facts
0c4fe847	dean lebret
c5704ab6	long term effects of ice abuse
46cffa5c	rotavirus in adult
d980c331	children of alcatraz
128ba399	caves mammoth
30c81eb1	how to convert fahrenheit into celcius
71bd2784	the flag of iraq
4d99b0b6	no call phone list
da523cad	jacqueline bostic
37b5ec5e	zinc in the diet
8e110a61	dr. geraldine chapey
0655cd27	autism
aaaf7741	cocaine detection time in urine tests
43b9fbaf	grand canyon river trips
e7a2e125	arizona water well permit application
f24d47d9	what does a tick look like
a2824718	what are symptoms of graves disease
f7c81398	the state of nevada in the u.s
f674ea86	names and addresses of members of congress
13977ab9	tva
3b079036	letters that soldiers sent to their families during world war 2
e201f621	what does the moon looks like
7d470b9d	aww average weekly wage new jersey unemployment
cc1f787e	what are the nj state departments
ad67d53d	about the constitution
1bbbcb40	where is the medulla oblongata located
0e9fb6cc	stephen a. edson us department of state - life biography of stephen a. edson
fecddc22	generalized anxiety disorder powerpoint presentation gad
7e3a92dd	indian design on cow heads
908b6f7d	1906 dollar
7db80b67	how will genetics play a role in the future
cce7a844	what is respiratory therapy
25f076c1	child abuse and adults and side effects
9478f02d	serial number location on old mobile homes
16873ac1	where was clayton adam powell j.r born
48ffd658	what age of cow meat to be called veal
bf66956e	process of legislation
a5039ce0	edward parker and revolutionary war
e3cc654c	food exchange list
ea450ae6	eastern prairie fringed orchid recovery team
6ee68dab	radial arm saws
7365be25	irs.gov where do i mail my federal return
1b5a3b81	what was the interstate highway bill on march 27 1956
1dceac08	diseases in children of vietnam veterans
0a387548	problems with the little pee dee river
e17735c0	ice skating in indianapolis indiana
ff4b5477	clearing goods from port of entry
9ba84ba5	district of columbia department of motor vehicles
cf27c1d4	american with disabilities act public transportation
72b61910	school bus security
acc43f11	rabbi william d. rudolph bethesda maryland
e4c99766	how much postage stamp cost in 2001
76675d74	retaining walls
22ef6e67	las vegas great mall projects
72a6cc17	invasive reptile species in california
ffaf0a19	scientific name for the fruit fly
f34a6630	health risks from mold in house
89a97778	no child left behind act of 2001
a9b56e80	anatomy of internal organs
e76b6094	copy of the constitution of the united states of america
b95b756c	naturalist camps
fad47d95	justice figure at the supreme court
34ab919e	how is petroleum used in making plastic
99da4275	inhalation of liquid formalin and its relation to pulmonary fibrosis
028d97dd	describe the steps employers can take to reduce workplace violence
f89f3ca2	national park service the grand canyon
19499607	bring your kid to work day
3302d9bd	children access to pornography
ce9a3a37	program planning for a childhood obesity prevention program
cd4a0297	studies on the best treatment for women alcoholics
747d0bfb	how do you know if you have aspergillus
d15b9ff8	handling anhydrous ammonia
379c7a4a	ways to prevent the transmission of hiv and aids
fc15222f	colorful pictures of fruit and vegetables to print
6094a2e8	credit card debt consolidation
549cd8e6	gettysburg address
d14c7e6a	opening a childcare center in your home
0d3746e5	low income housing for disabled gloucester county nj
5a797c12	internal revenue service form 1040
7e5bd688	northern lights nasa
f40d7948	how to get a replacement social security card
58a83d61	monthly catalog of united states government publications
0272c017	nursing loan repayment
cda56385	the japanese-american relocation camps
1776a523	door to door scam asking you to purchase magazines
3e2aa996	apostille united states of america birth certificate
50d4f4c0	star spangled banner history
1382132e	infant mortality rate in shelby county
7c99b49e	weather temp for provo utah in april
ccb8287a	poem on the civil war flags
4afd1486	digital mammography
17bdd8ca	jtpa
7842c9d4	pictures of presidents
8d6fef0a	methods used to assess effectiveness of antiarrhythmic drugs
51707a6d	food stamps in georgia
224940ca	hurricane katrina post traumatic stress disorder
85aeefef	u.s fish and wildlife services
5c450cf7	volcano national park big island hawaii
5ad9897d	the uses of mercury
f1618e7f	la weight loss
e5c246d8	secret service
34ade16b	barton kirkham utah hanging
425b0dbd	national weather service red flag warning
fe454d75	lyrics you are my sunshine my only sunshine
b6b28a1d	diseases of intestines
d8d7fd76	yale new haven hospital dept of transplantation
27d351be	what are the advantages and disadvantages of earned value management
52c8e997	atherosclerosis
9857070e	clementine
ffc3926b	bamboo handle teapot
7dc6a8a0	smoking circulation
6fd084df	fact sheet on mount saint helen
e8262224	louisiana purchase
9bed675d	government agencies involved in heritage corridors
10466031	american heart association cpr guidelines
e4f5dd0b	equal credit act
82b90bd2	reading diagnosis and assessment
b438b938	u.s. map
d0117756	sagittaria latifolia
291033a1	where to buy organic vegetables corona calif.
1ddb94e1	u s savings bonds
f0955ef1	goodwill industries orlando florida
8c87cf70	inventor of the helicopter
bd114626	how children are affected by domestic violence and substance abuse
bf9fd552	clozapine
d890140e	mount st helens eruption of 1980
4af177d2	bearmore mobile home park
db5502c2	congressman dan burton
f3801921	sudden infant death
4020b92c	health care system of kenya
a15092de	why the patriot act has helped against terrorism
fed62bbc	apply for a government grant online
4d339128	butterflies
8da66a43	mercer county nj cost of living
592035ff	how to apply for foodstamps
38c7a530	wetland
4c0f495b	xanax in first trimester
7f7be248	nasa marshall space flight center huntsville ala
b7d5ae86	brandy station virginia civil war battle map of 1862
2ee3c028	american licorice
e8c5c89d	national associations for reading and language arts
1722a0b7	vitritis in dogs
0a01c217	gold panning on beaches in wa state
cba8f8bf	i was child of alcoholic parents
902ba4ce	1965 palm sunday tornadoes
7813f7c3	what poison arrow frogs eat
a60ce58c	african americans in world war i
c05b0e62	childhood vaccination
c03119ad	what is a freight broker bond
b56dbeaa	tomato paste
a7921bda	lincoln as a lawyer in springfield
d2d29715	farmington savings bank
fb99e878	hepatitis b what is it
7c32d4b8	what is the normal heart beat
3a42af1b	drug recalls march 2006
dfe48b77	diabetes facts
2265b4b8	smokey mountain national park
3a17e010	home health services not covered by medicare
66d990bd	aids drugs
3c0c9435	virginia reported rabies cases in 2005
d251b554	killed in the line of duty
21b3b390	robert c. byrd honors scholarship program
d2b5989a	dangers of pseudoephedrine
0ccd401b	united states constitution and the declaration of independence
8100bd71	photos of bog turtle nest
4193637c	5 great lakes
86b73d59	pictures of small pox
8b765a25	irvin ashford
07346156	impact of first grade socialization of the child
3dbf41a0	hurricane katrina in pictures
f7f4ea81	american embassies by country
25cd0891	transient osteopenia
7f75cb34	ideas to use fatal vision goggles
de480e6d	crime rate by city and state
8ccdf5d2	statistic on success failure of retaining kindergarten students
a7cdad02	usgs.gov earthquake maps
99411c5e	priority mail postal fees
6fb236f1	truth in lending act 15u.s.c 1601
a7802779	top ten vegetables
8f48eb46	can prednisone cause an enlarged spleen
8b025fcf	michael chertoff
6c0a94d2	youth activities for teenagers in hampton va
fb814a42	collecting on husbands social security after his death
3418a287	new york licensing of architectural firms
b486fa11	verizon wireless alpharetta ga
0fece4eb	danny quan and lion clinic
ace00ce1	maggie crotty information
50394e38	what does each of the colors in the country italy flag represent
f1fd3227	what payment does the copyright office take
84e8c42b	u s energy department washington dc
1577561b	list of fishes high in selenium
cb05064f	hud in richardson tx
3f61d195	name of the planets in our solar system
45cdd0d5	mastoid implants
5851c68e	arctic national wildlife refuge
6b56fe69	postal rate to canada
02599c89	penicillin
260ee724	hypertension and impact on african americans
5c77f202	lesson plan on boston tea party
9f8f7df1	most common diagnosis in hospice
b5cb414f	kids playing with matches
a24ba9c9	freedom of information act receive records for free
9a808147	how to get rid of yeast infections
d8b81843	state seal symbols
07834bd8	mississippi native plants
b7296924	how often should i get a pap test
413328de	anesthesia amnesia
e18f63ed	nasa space station images
1f85452a	ralph h johnson medical center staff
f347fc49	white water rafting delaware water gap
d2827f43	mariana cisneros
b853a803	national wildlife center
f814a671	how to determine seizure activity in the brain
ea76f6c7	albert gore jr
412b8923	rov robot
461d4844	wendy golenbock
f7ca6e41	university of rhode island and ocean mechanics
439c5c1b	coffeeville lock and dam flood stage tombigbee river
e9621652	history of harley davidson motor company
b9919d1b	biofeedback and behavioral therapy for the management of female urinary incontinence
6dbe33c3	santa ysabel mission indians of california
4f2569cb	us government grants
6fd3bd13	peregrine falcon
94ff000a	schematic diagram of the pathophysiology of meningitis
a91bb809	what are the consequences for rape
d513a525	tornado photos
a7f0fe53	stress leading to depression and substance abuse
f3b298c1	what is the purpose of icd codes
9525e79e	cadasil
3d38adc3	neighborhood map of long island and queens
1cc6321c	congressman harris w. fawell chairman of the house subcommittee
30d6f955	who designed the vietnam veterans memorial
35a1277b	bill frist state senator tennessee
141ed537	monthly gasoline prices for 2004 and 2005
627a96d7	united states duplicate passport
04fb8489	nursing theory and domestic partner violence
b02695a4	mammograms
8e4c9e0a	immigration and customs special agent job openings
f30fd1af	water well treatments for salt removal
b226cc0a	how doctors test for hepatitis c
fff96467	new york in 1787 to 1801
281e16ce	male retreats
add48402	scenic sites in maine
202cb6c7	guidelines for handwashing vs. alcohol based rubs
6bd87225	texas help for low income disabled people
b0f72155	use of force in law enforcement and sara
cf07aef3	how to buy an electric water heater
6470bab7	counterintelligence
fe729074	old melones reservoir
54f8fd93	massachusetts souvenirs
1a7e2437	colon cancer screening
c1c03256	what is domestic violence in women
448c8b41	family leave medical act
9b4908f3	mobile home flooring
2eb1a8e0	veterans death benefits for divorced survivors
6649c11e	fishes you can eat during pregnancy
60439785	how long should you keep foods frozen
0754edd2	changing social security number because of marriage
e7edcc88	manheim pennsylvania auto auctions
9489274a	federal law eye vision requirement for license to drive a motor vehicle
d4bca8ac	tetanus shot
9052285f	what to do for a ruptured eardrum
ecd1d849	how can we reduce reduce smoking for young people
3031e01a	george washington inauguration
e101f5b4	historical events in the year 1762
b5dce350	postal rates
452512ef	veterans hospital san francisco
570b6867	fredrick douglas
590f84b6	how to pass a blood pressure test
ae7590aa	food nutrition and the prevention of cancer a global perspective
8c55f86d	moa inhibitor
8861df73	evan ramsey
684397e9	where is albuquerque nm
5099cd36	fastest growing counties in the us
446f9999	causes for teen death in the usa
05de95bb	wandering jew medicinal purposes
d8df96c5	etrakit
0c2da25f	what is a line plot used for
0ab55973	florida statute 1003.22
cd7d14d3	adams county ohio census
2a3020de	illegal drugs in the united states
1db6cced	who was awarded the ethics in government award in 1995
5bb44c9d	number of endangered species a year
d311a1db	eclipse of sun march 29 2006
15e4674b	herbert hoover
4d81d9c9	will rogers
500c9690	how to renew green card
47f7daf8	gasoline produced from grain
56b468fa	congressman frank palone
5059c927	gila chub
9f05c896	brenner rennert vogel and mandler
fadd8042	bipolar spectrum
2267772e	the immigration reform act of 1986
584a6cd4	nebraska wildlife
b5e53fc5	mccabe north dakota
6ea08f48	possession of a firearm by a convicted felon
22b67e4d	sudan consulate
945c2af0	presidential freedom scholarship
f468ebda	what is another name for hurricane
a9780047	letter that thomas jefferson wrote to lewis and clark
f6e03d4d	herpes genital
fbd38427	weather conditions on grand canyon rim
b9b6e3b0	how to tell the age of a tree
d5b5dbce	anacapa island california ocean fishing areas
7402de2c	kinetoscope
62115d94	the bureau of printing and engraving
0ca79bb6	congenital syphilis bone lesions
6d1ea946	reason why tennessee cave salamander is endangered
e2f30ba2	girlshealth
c4f622da	distance from phoenix to san diego
7597384f	do no call
0c6bd1ee	home land security jobs
449ac14d	john sevier president of the state of franklin tennesee
fc681b13	signs of urinary tract infection in child
ada3def9	phenylpropanolamine
703a517d	city of melborne fire department rules and regulations
e1976cfe	side effects of hep c treatment
7a674be3	andrew von eschenbach
b2f1e5e7	steroid use in football
341badc5	creutzfeldt- jakob disease
8cad7ca4	recycled glass
66d0d752	what is the fair housing act of 1968
b8feaaed	electoral votes by states
5ad23c79	how is ssi disability payment determined
418bfa15	can you tell when you get herpes
e5056355	healthy meals delivered to your home
13bf3e29	dan harpole
abd86522	well water pdf
6ac48da2	map of az
b30a1121	potassium sensitivity test
cad00949	adobe roof construction
7fda1486	dc map
c284122d	cosmetic chemistry
3835424a	paintings on the river thames by john singer sargent
21cd0a42	great smokies national park
7f7c10a2	signs of sexual abuse in children
04108458	john wayne trail camping
1582371c	zambia earthquake
c92682e5	screening for cystic fibrosis in newborns
a7581d12	stream maps va
357032b1	what medicare covers for dental the exceptions are
0eae036e	travelers healthcare center
cc0fa47e	cocaine effects
cf079c9b	periodic table of the elements photo
c69ab4ee	chester a. arthur
f32e818e	how to rate the performance of high level executives
c090ce7d	what happens if you foreclose
bfdfc542	pictures of earth
bc2f7eb0	lifestyle limitations living with coronary artery disease
e062ded3	healthcare and washing hands
dbb5a9c0	lee gilbert wanted for insurance fraud indiana
af6c3f7a	latest earthquake in california
1c795c86	location of nuclear power plants in ohio
46f81a9a	human trafficking of young females in the us
739650d0	breast implants complications
dab9aa7d	age 11 cooking summer camp philadelphia area
11292024	maine special quahog zone
f55a5758	hand washing statistics
f44bbf12	men with breast cancer
1b6569be	north carolina yarn
2df67474	elderly looking for live in companion hartford conneticut
174d6ff6	low fat low sodium heart healthy foods
4d3d0f81	history of the 1925 santa barbara ca. earthquake
de6b3d80	albino wallaby animals
ca9ed77f	uylsses s. grant
b4c52376	nannie helen burroughs papers library of congress
293ecec7	best building materials for hot and cold climates
9f53e60b	can the drug effexor cause back pain
d0fff699	new york state child abuse laws
ac1ce9f1	indian health service shifting personnel needs
819a845c	pelvic inflammatory disease symptoms
2dca8b07	games to play with residents in a nursing home
a2207aa9	president lincoln
405e52f7	free science projects with step by step directions
ffb940b9	all about meriwether lewis
5b8e1575	the effects of red dye 40 on children
965cfa07	snowy plover
62432c7a	series ee bonds
8d7260be	tropical storm isabel in page county virginia
ec7e8647	cherries arthritis
2fbcc7da	panic disorder
aafb493a	motion to quash
dca22a2d	apollo 8 mission
2d584491	which criminal records do not allow naturalization
18745033	form 4868
6f6928eb	damages and death tolls caused by tornadoes
48df6a2b	aquatic weed removal in the everglades
4082d21e	virginia minimum wage
b8a9a89d	tetacycline
d7b2641e	how long to keep cash register tapes
642fe676	military archives st. louis mi
2d4a213e	immunizations for kids in oregon free
821926e1	las vegas founded
975d3922	what can you do about to help keep kidneys healthy
bcf93a50	morphine tablets
ba753cb6	mackinac island marina
25978339	september 1779 american revolution naval battle
30d24446	number of eggs produced by sand dollars
60408c80	litigation suits filed against rite aid pharmacy
3af3d392	what is periodontal disease
ac96510f	walpin gerald
167bee77	what can i do if am exposed to hepatitis c
7b08563f	if i loved you song script
2c4d9593	chickamauga lake tn
037e3a73	baby chicks as pets
60df66a2	traveling in europe without a visa
315d2908	hamilton county texas home builders
3ba5b118	mountain park ga
b5cd6600	irs and form 4562
41a056c3	washington d.c. and arboretum
ca366398	catherine a. vincent
d6834ac6	diabetic diet vs dash diet
01360344	seoul south korea
267171f1	michigan death certificates 1900-1950
28bcd470	type 1 diabetes in young adults
dff0b6cf	how to install insulation in walls
153a6d48	holidays in october in united states
a536554b	retirement in puerto rico
8d915d44	purple martin
86c9591a	mazen al-najjar deportation
a8a48a31	how to find a lost savings account
006ddbc2	telecom terms
9599528d	current flood conditions in sonoma county
736b21ff	the capitol building in washington d. c.
ae2bb88f	financial assistance for special needs children in arkansas
a6ce5bdd	knobbed whelk longevity
bc75abb7	bruce anderson medal of honor winner
05092901	chemicals to kill poison ivy plants
d2ae1d34	five things that we use every day that were developed by or for space technology
6aa5309c	measurement of the angle of repose
c5046e0c	signs of colon cancer
6cc6d101	violence against women act of 1994
e5c2c0a3	how much fat and calories do vegetables and fruits have
95d55a98	expired drivers license fine in wv
1b90999c	storage chest
769b6da5	political cartoons. and reapportionment.
5258adfe	learning to read through the arts
af971684	u.s. passport how long will it take
bc445cb2	library of congress papers on george washington
cd78ca34	ms foundation in cherry hill nj
978e85a3	mardis gras symbols
ed9b66f2	commission for women montgomery county maryland
79143622	smoking cessation program bethesda maryland
42c85cd1	flood plain map for aiken sc
0a650283	gerardo c. zuniga
ab320099	why does the heart skip beats
7a0e3a9c	who is doing research on recurring respiratory papillomas
5f330f21	wax removal from the ear
9ca1a9fa	arthritis on the spine veterans affairs studies
d1359da0	licensed practical nurse
0e547720	facts about hair follicle drug testing
97e88e70	breast reconstruction
80b14d8d	when should i travel to australia
5ea4e88e	what is the difference between a tornado and a hurricane
455ac65c	embassy of mumbai india
d3675ccc	contact lenses that cost 100 or more
e142f745	what are cumuliform clouds
e8564d72	prairie dog hunting in north dakota
f66e58f0	endodontic titanium implants
97a7dab7	how did george washington spend the later years of his life
252eb961	what to do if you are bitten by a dog
7a779684	cypripedium
f8823929	us government savings bonds
aebc65eb	navajo code talkers
ccb125ce	elevation on highway 41 in yosemite
0ac31fae	betsy ross
169a7734	leading cause of death in women
05e50750	how to conserve gas
0be55479	tax rate for social security beneficiaries
1caa3213	rock candy
0e4ec8f5	pictures of healthcare workers at disaster sites
83bb0d9d	postage stamp for 9 11 issued in 2001
2a731311	computing earning on tax exempt bonds
0a8cac29	qualifications to be senator
43f877e4	wanted fugitives
ea76a7a8	how many months will you know if you have hiv
7334d291	what is a category 5 hurricane
8442c2d7	list of foods to eat to lower blood pressure
4591f74c	what helps swelling
6f476d66	where to buy us saving bonds
692b95f7	proper sterilization of surgical instruments
ae684fd2	visual aid of what alcohol does to you
11c91688	riverside ca school for the deaf
2969936b	why women are more likely victims of domestic violence
db040311	biography of condoleezza rice
8e28e633	rolloffs hawaii
cd955387	cancel us mail change of address
5f475f58	united states v fitzsimmons 712 f 2d
b117d957	slot machine repair
bdcc5c86	geologic features of joshua tree national park
17afe5b1	martin luther king jr national monument
4e2ed167	biography mitch mcconnell
eeb63089	natural resources in the state of washington
1725ca10	chief justices of the u s supreme court
ad9fb578	child protective services - michigan
ebe2db94	bald eagle cam
f80b7548	black soldiers in the civil war
de2fb9d3	being excused from jury duty in missouri
7ee09e1b	heat pump federal tax credits
dfbcfdce	foreign service exam
d66b0e28	andrew weil alternative treatment for cholecystitis
f8e82f73	frankin roosevelt biography
d0be37fe	insulin resistant
c008965d	utah history
42adcee4	what are wetlands
fceed215	breast tumors ratings
6426f845	cognitive behavioral therapy in treatment for marijuana addiction
2f8fbe21	u. s. passports
def00ea0	sponsor of the breast and cervical cancer mortality prevention act of 1990
62d24df3	map showing location of lake nasser in africa
a6962894	us gas prices
0a83fa9e	how to apply for a new social security number if someone has stolen your idenity
f9cc1888	faux stone flooring
38689175	soil survey true or false quiz questions
bc6827e0	possible causes of blisters on buttocks
646bb4f1	slogans to encourage people to vote
6e6ded34	clergy families
9d5ec506	flu by state
3eab6e86	racial discrimination at the postal service
35daf801	the liberty bell
1b29f791	u.s passport application
73888c1e	south florida gangs
eb1a047d	inscription on the bunker hill monument
142110e1	how to write a grant proposal
bfef3d44	statistics on women farmers in the usa
81a4c22b	steve klett
d27c1a14	come to united states on education visa
19e9ed41	what is a whales blubber used for
96b498e5	lupus information
fa9bd0bb	money laundering
cde8b84d	the white house
4fc7c6da	vietnam vets and agent orange
55e2d645	carl d. perkins act of 1973
aacdccf0	big cypress seminole indian reservation map
5f43f91a	largest fish caught in lake wylie sc
f797d828	rainfall amount for nuuanu hawaii 2006
6e4f115c	discuss the size of limbs and number of bones of sandhill cranes
143fa5da	iowa travel and tourism
91a76813	when was the three mile island nuclear accident
026fefec	number of classroom training hours for cna
4d5ee792	white sands national monument nm
deeaf2ea	senator ron wyden
b2bb4900	art therapy and health
1c33bb19	city government job listings for city of rockville maryland
fc1e2287	tour de wyoming
705e7300	50 state quarter program of the united states mint
8245537a	49 cfr part 37
86ca456d	department of veterans affairs seal
3e98bcf3	aliens located by border patrol for fy-05
f7aab2ce	map of state florida
703c8456	where can i get my credit report free
d0adc170	where are your kidney
5b2daa60	mount st. helens 1980 eruption views
92ad53d0	robert byrd
9b8613ea	private schools in long island
aea55c46	adenoidal tissue in the posterior nasopharynx
a13bf1f4	history of the us secret service
dfcce77e	moldova
a98aa2f3	anti-depressants for the treatment of migraine
fd06d1cf	camp lejune north carolina newspaper
b831492e	swan lake arkansas
91986740	population of the united states 1900
8275f870	flagstaff to grand canyon by train
7f4c953f	how to become a investment broker
9efb140c	population of the us of a
722d785c	haunted houses in california
959b445b	vidaza and tumor lysis syndrome
246e0780	role of women in the abolitionist movement
b3be681b	lung conditions diagnosed by ct scan
068046cf	us embassy in freetown sierra leone
5eef2819	deaths by lyme disease nc 2004
5520d7b4	home emergency plan
e51d55e0	photographs of adult day care facilities
53456773	the food pyramid
45d4680c	henry jackson school of international studies history
8df2f34e	when can i transplant black-eyed susans
952d2ff0	foods of central america
ec55007a	highway map of the united states
477373d4	international per diem and travel and gsa
02d1d1f6	map of towns and cities in ct
a6cccae9	where to buy a savings bond
7e110ec8	nabisco in chicago
b3b5ded4	what is the bill of rights
5ec7c2f7	checking status of income tax return
27146adb	gordon j quist us district judge
f7302400	sequoia and kings canyon national park
723b320a	honda lawn mower
3da5e9ef	national cholesterol education program
38450f99	census report west virginia
347b4e71	us office of homeland security
6d4bfeb8	how long do you have to report identy theft
54799dfa	international association of machinists and aerospace workers in upper marlboro md
a5d2e3a2	earthquakes in the memphis area in february 2006
088a9b11	printable map of the united states and state capitals
91e2f4c0	procrit
da31bb2a	years it takes to be a chiropractor
c750d0ee	no child left behind act charts statistics
7e4b27a7	what is the golden age of jazz
d8363716	marbled murrelet
3ae15cc3	van buren state park mi cabins
e7267844	construction jobs for women in washington
d5d90ba3	pictures of the black footed ferret
682e6d46	careers at cutrale citrus
5907a1ef	robert fox esquire
262c3590	dukeuniversity rice diet
c17c0785	joshua katz md
b031cfbc	check my social security claim online
8c0e5702	national legislators who currently serve as senators or house of representatives
3f8c963e	weather exuma
30d1d040	complications resulting in stenting a renal artery
da718719	jews in newport ri
757e6e8d	information about operating a tow truck in new jersey
9f0de70e	volcano eruptions in 2004 articles
0ab25087	map of state of kentucky with cities
b6d3bf27	ronnie rothwell
25f5c512	map of the us with highways
b3c6973a	keratone foot cream
2bd3be63	private contributions from citizens to tsunami relief
500f25fd	arizona lysiloma plant
89aa492c	oil & gas exploration & development
e3cb3746	leeann crawford
18d3ac14	national anthem of the united states
8a75e73b	airline reservatons
5a981d8f	average yearly sales of new cars in united states
3fb97e03	smokeless tobacco
185894af	english pottery hallmarks
839198d9	lakes in and around desoto mo
f2390326	surface mining control and reclamation act
725c22ee	reinstate suspended drivers license requirements in wash state
ae7c4348	weather channel videos on el nino
a10efd8d	minimum drivers licence age for massachusetts
d56e0174	map of manhattan in 1776
0e2174eb	rolls-royce silver spur 1986
721c36bf	buckeye egg farm
176475a6	cost to remove lead based paint
1565cb5e	fuel cell vehicles
6d52d791	emotional support animals for treating chronic pain in patients
6d418c38	george washington in the rev. war
b9b892b3	harry houdini
34bbcd67	if a holiday falls on saturday does government get the day before
019e3fb7	dna identification through hair bones and teeth
4ef109e9	human body photos
73e0a9a9	cancer tumor grading
999a22ec	how to help someone who is depressed
953d382a	fluconazole for cats
eaac5c13	gray bat
07d89c28	tarsal tunnel syndrome
ac1c49ed	american indian conferences and events in oklahoma during april
e9dd0d5a	u.s. rep adam schiff
4deec74d	biotin 500mg. adverse reactions
d5922d84	rusty black bird
01761ecc	what is point of service health plans
24bf534c	role of childrearing in ancient greece
d020d0e6	national oceanic and atmosphere agency
14c97fa3	formula to calculate body mass index
285ad967	legal aid for veterans
e18853d3	summer legal jobs in washington dc
ef6da9de	what is femoral popiteal bypass graft
cb330bee	the purpose of the homestead act of 1862
